{"cameraMode":{"drawMode":0,"name":"Shaded","section":"Shading Mode"},"sceneLighting":true,"audioPlay":false,"sceneViewState":{"m_AlwaysRefresh":false,"showFog":true,"showSkybox":true,"showFlares":true,"showImageEffects":true,"showParticleSystems":true,"showVisualEffectGraphs":true,"m_FxEnabled":true},"in2DMode":false,"pivot":{"x":-1.7998988628387452,"y":9.147302627563477,"z":-58.70894241333008},"rotation":{"x":0.3379104435443878,"y":-0.003378085093572736,"z":0.005865649785846472,"w":0.9423754811286926},"size":10.240163803100586,"orthographic":false}