{"cameraMode":{"drawMode":0,"name":"Shaded","section":"Shading Mode"},"sceneLighting":true,"audioPlay":false,"sceneViewState":{"m_AlwaysRefresh":false,"showFog":true,"showSkybox":true,"showFlares":true,"showImageEffects":true,"showParticleSystems":true,"showVisualEffectGraphs":true,"m_FxEnabled":true},"in2DMode":false,"pivot":{"x":-1.9830660820007325,"y":10.92945384979248,"z":-56.90575408935547},"rotation":{"x":0.1303686797618866,"y":-0.03343666344881058,"z":0.005239161662757397,"w":0.9911457300186157},"size":6.3121256828308109,"orthographic":false}